"services",,
,,
,"image","locality"
"beauty","heading","heading"
"creative","heading","heading"
"computer","heading","heading"
"cycle","heading","heading"
"event","heading","heading"
"financial","heading","heading"
"legal","heading","heading"
"lessons","heading","heading"
"marine","heading","heading"
"pet","heading","heading"
"automotive","heading","heading"
"farm+garden","heading","heading"
"household","heading","heading"
"labor/move","heading","heading"
"skill'd trade","heading","heading"
"real estate","heading","heading"
"sm biz ads","heading","heading"
"therapeutic","heading","heading"
"travel/vac","heading","heading"
"write/ed/tr8","heading","heading"
