"3taps code","default?",,"city","state","loc_1","location 1","url","loc_2","location_2",,"Display City State","Display State",,"lat-long"
"AUO",,,"US","alabama","auburn","auburn","auburn.craigslist.org",,,,"Auburn AL","Alabama",,"(32.609857, -85.480782)"
"BHM",,,"US","alabama","bham","birmingham","bham.craigslist.org",,,,"Birmingham AL","Alabama",,"(33.520661, -86.80249)"
"DHN",,,"US","alabama","dothan","dothan","dothan.craigslist.org",,,,"Dothan AL","Alabama",,"(31.223231, -85.390489)"
"GAD",,,"US","alabama","gadsden","gadsden-anniston","gadsden.craigslist.org",,,,"Gadsden-Anniston AL","Alabama",,"(34.014264, -86.006639)"
"HSV",,,"US","alabama","huntsville","huntsville / decatur","huntsville.craigslist.org",,,,"Huntsville/Decatur AL","Alabama",,"(34.730369, -86.586104)"
"MOB",,,"US","alabama","mobile","mobile","mobile.craigslist.org",,,,"Mobile AL","Alabama",,"(30.694357, -88.043054)"
"MGM",,,"US","alabama","montgomery","montgomery","montgomery.craigslist.org",,,,"Montgomery AL","Alabama",,"(32.366805, -86.299969)"
"MSL",,,"US","alabama","shoals","florence / muscle shoals","shoals.craigslist.org",,,,"Florence/Muscle Shoals AL","Alabama",,"(34.7312, -87.70253)"
"TCL",,,"US","alabama","tuscaloosa","tuscaloosa","tuscaloosa.craigslist.org",,,,"Tuscaloosa AL","Alabama",,"(33.209841, -87.569173)"
"ANC",,,"US","alaska","anchorage","anchorage / mat-su","anchorage.craigslist.org",,,,"Anchorage/Mat-Su AK","Alaska",,"(61.218056, -149.900278)"
"AKZ",,,"US","alaska","fairbanks","fairbanks","fairbanks.craigslist.org",,,,"Fairbanks AK","Alaska",,"(64.837778, -147.716389)"
"AKZ",,,"US","alaska","juneau","southeast alaska","juneau.craigslist.org",,,,"Southeast AK","Alaska",,"(58.301944, -134.419722)"
"AKZ",,,"US","alaska","kenai","kenai peninsula","kenai.craigslist.org",,,,"Kenai Peninsula AK","Alaska",,"(60.085849, -151.382264)"
"FLG",,,"US","arizona","flagstaff","flagstaff / sedona","flagstaff.craigslist.org",,,,"Flagstaff/Sedona AZ","Arizona",,"(35.19793933463111, -111.63928985595703)"
"AZZ",,,"US","arizona","mohave","mohave county","mohave.craigslist.org",,,,"Mohave Co AZ","Arizona",,"(35.20972164522138, -113.75244140625)"
"PHX",,,"US","arizona","phoenix","phoenix","phoenix.craigslist.org","cph","central/south phx",,"Phoenix AZ","Arizona",,"(33.448377, -112.074037)"
"PHX",,,"US","arizona","phoenix","phoenix","phoenix.craigslist.org","evl","east valley",,"Phoenix AZ","Arizona",,"(33.448377, -112.074037)"
"PHX",,,"US","arizona","phoenix","phoenix","phoenix.craigslist.org","nph","phx north",,"Phoenix AZ","Arizona",,"(33.448377, -112.074037)"
"PHX",,,"US","arizona","phoenix","phoenix","phoenix.craigslist.org","wvl","west valley",,"Phoenix AZ","Arizona",,"(33.448377, -112.074037)"
"AZZ",,,"US","arizona","prescott","prescott","prescott.craigslist.org",,,,"Prescott AZ","Arizona",,"(34.540024, -112.468502)"
"AZZ",,,"US","arizona","showlow","show low","showlow.craigslist.org",,,,"Show Low AZ","Arizona",,"(34.254208, -110.029833)"
"AZZ",,,"US","arizona","sierravista","sierra vista","sierravista.craigslist.org",,,,"Sierra Vista AZ","Arizona",,"(31.5455, -110.277286)"
"TUS",,,"US","arizona","tucson","tucson","tucson.craigslist.org",,,,"Tucson AZ","Arizona",,"(32.221743, -110.926479)"
"YUM",,,"US","arizona","yuma","yuma","yuma.craigslist.org",,,,"Yuma AZ","Arizona",,"(32.692651, -114.627692)"
"FYV",,,"US","arkansas","fayar","fayetteville","fayar.craigslist.org",,,,"Fayetteville AR","Arkansas",,"(36.06258, -94.157426)"
"FSM",,,"US","arkansas","fortsmith","fort smith","fortsmith.craigslist.org",,,,"Fort Smith AR","Arkansas",,"(35.385924, -94.398547)"
"JBR",,,"US","arkansas","jonesboro","jonesboro","jonesboro.craigslist.org",,,,"Jonesboro AR","Arkansas",,"(35.842297, -90.704279)"
"LIT",,,"US","arkansas","littlerock","little rock","littlerock.craigslist.org",,,,"Little Rock AR","Arkansas",,"(34.746481, -92.289595)"
"TXZ",,,"US","arkansas","texarkana","texarkana","texarkana.craigslist.org",,,,"Texarkana TX","Texas",,"(33.441792, -94.037688)"
"BFL",,,"US","california","bakersfield","bakersfield","bakersfield.craigslist.org",,,,"Bakersfield CA","California",,"(35.373292, -119.018712)"
"CIC",,,"US","california","chico","chico","chico.craigslist.org",,,,"Chico CA","California",,"(39.728494, -121.837478)"
"FAT",,,"US","california","fresno","fresno / madera","fresno.craigslist.org",,,,"Fresno/Madera CA","California",,"(36.747727, -119.772366)"
"CAZ",,,"US","california","goldcountry","gold country","goldcountry.craigslist.org",,,,"Gold Country CA","California",,"(39.219061, -121.061061)"
"CAZ",,,"US","california","hanford","hanford-corcoran","hanford.craigslist.org",,,,"Hanford-Corcoran CA","California",,"(36.32745, -119.645684)"
"CAZ",,,"US","california","humboldt","humboldt county","humboldt.craigslist.org",,,,"Humboldt Co CA","California",,"(40.745006, -123.869509)"
"CAZ",,,"US","california","imperial","imperial county","imperial.craigslist.org",,,,"Imperial Co CA","California",,"(33.011369, -115.473355)"
"CAZ",,,"US","california","inlandempire","inland empire","inlandempire.craigslist.org",,,,"Inland Empire CA","California",,"(36.220134, -116.881684)"
"LAX","default",,"US","california","losangeles","los angeles","losangeles.craigslist.org","wst","westside-southbay",,"Los Angeles CA","California",,"(34.052234, -118.243685)"
"LAX","default",,"US","california","losangeles","los angeles","losangeles.craigslist.org","sfv","SF valley",,"Los Angeles CA","California",,"(34.052234, -118.243685)"
"LAX","default",,"US","california","losangeles","los angeles","losangeles.craigslist.org","lac","central LA",,"Los Angeles CA","California",,"(34.052234, -118.243685)"
"LAX","default",,"US","california","losangeles","los angeles","losangeles.craigslist.org","sgv","san gabriel valley",,"Los Angeles CA","California",,"(34.052234, -118.243685)"
"LAX","default",,"US","california","losangeles","los angeles","losangeles.craigslist.org","lgb","long beach / 562",,"Los Angeles CA","California",,"(34.052234, -118.243685)"
"LAX","default",,"US","california","losangeles","los angeles","losangeles.craigslist.org","ant","antelope valley",,"Los Angeles CA","California",,"(34.052234, -118.243685)"
"CAZ",,,"US","california","mendocino","mendocino county","mendocino.craigslist.org",,,,"Mendocino Co CA","California",,"(39.550019, -123.438353)"
"MCE",,,"US","california","merced","merced","merced.craigslist.org",,,,"Merced CA","California",,"(37.302163, -120.482968)"
"MOD",,,"US","california","modesto","modesto","modesto.craigslist.org",,,,"Modesto CA","California",,"(37.639097, -120.996878)"
"SNS",,,"US","california","monterey","monterey bay","monterey.craigslist.org",,,,"Monterey Bay CA","California",,"(36.600238, -121.894676)"
"LAX",,,"US","california","orangecounty","orange county","orangecounty.craigslist.org",,,,"Orange Co CA","California",,"(33.717471, -117.831143)"
"LAX",,,"US","california","palmsprings","palm springs","palmsprings.craigslist.org",,,,"Palm Springs CA","California",,"(33.830296, -116.545292)"
"CAZ",,,"US","california","redding","redding","redding.craigslist.org",,,,"Redding CA","California",,"(40.58654, -122.391675)"
"SAC",,,"US","california","sacramento","sacramento","sacramento.craigslist.org",,,,"Sacramento CA","California",,"(38.581572, -121.4944)"
"SAN",,,"US","california","sandiego","san diego","sandiego.craigslist.org","csd","city of san diego",,"San Diego CA","California",,"(32.715329, -117.157255)"
"SAN",,,"US","california","sandiego","san diego","sandiego.craigslist.org","nsd","north SD county",,"San Diego CA","California",,"(32.715329, -117.157255)"
"SAN",,,"US","california","sandiego","san diego","sandiego.craigslist.org","esd","east SD county",,"San Diego CA","California",,"(32.715329, -117.157255)"
"SAN",,,"US","california","sandiego","san diego","sandiego.craigslist.org","ssd","south SD county",,"San Diego CA","California",,"(32.715329, -117.157255)"
"SBA",,,"US","california","santabarbara","santa barbara","santabarbara.craigslist.org",,,,"Santa Barbara CA","California",,"(34.42083, -119.69819)"
"SBP",,,"US","california","santamaria","santa maria","santamaria.craigslist.org",,,,"Santa Maria CA","California",,"(34.953034, -120.435719)"
"SFO",,,"US","california","sfbay","san francisco bay area","sfbay.craigslist.org","sfc","san francisco",,"San Francisco Bay Area CA","California",,"(37.77493, -122.419416)"
"SFO",,,"US","california","sfbay","san francisco bay area","sfbay.craigslist.org","sby","south bay",,"San Francisco Bay Area CA","California",,"(37.77493, -122.419416)"
"SFO",,,"US","california","sfbay","san francisco bay area","sfbay.craigslist.org","eby","east bay",,"San Francisco Bay Area CA","California",,"(37.77493, -122.419416)"
"SFO",,,"US","california","sfbay","san francisco bay area","sfbay.craigslist.org","pen","peninsula",,"San Francisco Bay Area CA","California",,"(37.77493, -122.419416)"
"SFO",,,"US","california","sfbay","san francisco bay area","sfbay.craigslist.org","nby","north bay",,"San Francisco Bay Area CA","California",,"(37.77493, -122.419416)"
"SFO",,,"US","california","sfbay","san francisco bay area","sfbay.craigslist.org","scz","santa cruz",,"San Francisco Bay Area CA","California",,"(37.77493, -122.419416)"
"CAZ",,,"US","california","siskiyou","siskiyou county","siskiyou.craigslist.org",,,,"Siskiyou Co CA","California",,"(41.774326, -122.577013)"
"SBP","default",,"US","california","slo","san luis obispo","slo.craigslist.org",,,,"San Luis Obispo CA","California",,"(35.27897825479309, -120.65975189208984)"
"SCK",,,"US","california","stockton","stockton","stockton.craigslist.org",,,,"Stockton CA","California",,"(37.957702, -121.29078)"
"CAZ",,,"US","california","susanville","susanville","susanville.craigslist.org",,,,"Susanville CA","California",,"(40.416284, -120.653006)"
"LAX",,,"US","california","ventura","ventura county","ventura.craigslist.org",,,,"Ventura Co CA","California",,"(34.370488, -119.139064)"
"VIS",,,"US","california","visalia","visalia-tulare","visalia.craigslist.org",,,,"Visalia-Tulare CA","California",,"(34.370488, -119.139064)"
"CAZ",,,"US","california","yubasutter","yuba-sutter","yubasutter.craigslist.org",,,,"Yuba-Sutter CA","California",,"(39.140448, -121.616911)"
"DEN",,,"US","colorado","boulder","boulder","boulder.craigslist.org",,,,"Boulder CO","Colorado",,"(40.014986, -105.270546)"
"COS",,,"US","colorado","cosprings","colorado springs","cosprings.craigslist.org",,,,"Colorado Springs CO","Colorado",,"(38.833882, -104.821363)"
"DEN","default",,"US","colorado","denver","denver","denver.craigslist.org",,,,"Denver CO","Colorado",,"(39.739154, -104.984703)"
"COZ",,,"US","colorado","eastco","eastern CO","eastco.craigslist.org",,,,"Eastern CO CO","Colorado",,"(40.625542, -103.207709)"
"FNL",,,"US","colorado","fortcollins","fort collins / north CO","fortcollins.craigslist.org",,,,"Fort Collins/North CO","Colorado",,"(40.58526, -105.084423)"
"PUB",,,"US","colorado","pueblo","pueblo","pueblo.craigslist.org",,,,"Pueblo CO","Colorado",,"(38.254447, -104.609141)"
"COZ",,,"US","colorado","rockies","high rockies","rockies.craigslist.org",,,,"High Rockies CO","Colorado",,"(39.481654, -106.038352)"
"GJT",,,"US","colorado","westslope","western slope","westslope.craigslist.org",,,,"Western Slope CO","Colorado",,"(39.06387, -108.550649)"
"BDL",,,"US","connecticut","hartford","hartford","hartford.craigslist.org",,,,"Hartford CT","Connecticut",,"(41.763711, -72.685093)"
"HVN",,,"US","connecticut","newhaven","new haven","newhaven.craigslist.org",,,,"New Haven CT","Connecticut",,"(41.308153, -72.928158)"
"CTZ",,,"US","connecticut","newlondon","eastern CT","newlondon.craigslist.org",,,,"Eastern CT","Connecticut",,"(41.403432, -72.10591)"
"CTZ",,,"US","connecticut","nwct","northwest CT","nwct.craigslist.org",,,,"Northwest CT","Connecticut",,"(41.640175, -73.207184)"
"DOV",,,"US","delaware","delaware","delaware","delaware.craigslist.org",,,,"Delaware DE","Delaware",,"(38.910832, -75.52767)"
"VAZ",,,"US","district of columbia","washingtondc","washington","washingtondc.craigslist.org","doc","district of columbia",,"MD suburbs of DC","Maryland",,"(38.895112, -77.036366)"
"VAZ",,,"US","district of columbia","washingtondc","washington","washingtondc.craigslist.org","nva","northern virginia",,"MD suburbs of DC","Maryland",,"(38.895112, -77.036366)"
"VAZ",,,"US","district of columbia","washingtondc","washington","washingtondc.craigslist.org","mld","maryland",,"MD suburbs of DC","Maryland",,"(38.895112, -77.036366)"
"FLZ",,,"US","florida","cfl","heartland florida","cfl.craigslist.org",,,,"Heartland FL","Florida",,"(27.243935, -80.829783)"
"ORL",,,"US","florida","daytona","daytona beach","daytona.craigslist.org",,,,"Daytona Beach FL","Florida",,"(29.210815, -81.022833)"
"MIA",,,"US","florida","fortlauderdale","fort lauderdale","fortlauderdale.craigslist.org","mdc","miami / dade",,"Fort Lauderdale FL","Florida",,"(26.122308, -80.143379)"
"MIA",,,"US","florida","fortlauderdale","fort lauderdale","fortlauderdale.craigslist.org","brw","broward county",,"Fort Lauderdale FL","Florida",,"(26.122308, -80.143379)"
"MIA",,,"US","florida","fortlauderdale","fort lauderdale","fortlauderdale.craigslist.org","pbc","palm beach co",,"Fort Lauderdale FL","Florida",,"(26.122308, -80.143379)"
"RSW",,,"US","florida","fortmyers","ft myers / SW florida","fortmyers.craigslist.org","lee","lee county",,"Ft Myers/Southwest FL","Florida",,"(26.640628, -81.872308)"
"RSW",,,"US","florida","fortmyers","ft myers / SW florida","fortmyers.craigslist.org","chl","charlotte co",,"Ft Myers/Southwest FL","Florida",,"(26.640628, -81.872308)"
"RSW",,,"US","florida","fortmyers","ft myers / SW florida","fortmyers.craigslist.org","col","collier co",,"Ft Myers/Southwest FL","Florida",,"(26.640628, -81.872308)"
"GNV",,,"US","florida","gainesville","gainesville","gainesville.craigslist.org",,,,"Gainesville FL","Florida",,"(29.651634, -82.324826)"
"JAX","default",,"US","florida","jacksonville","jacksonville","jacksonville.craigslist.org",,,,"Jacksonville FL","Florida",,"(30.332184, -81.655651)"
"FLZ",,,"US","florida","keys","florida keys","keys.craigslist.org",,,,"Florida Keys FL","Florida",,"(24.551495208452366, -81.7825698852539)"
"FLZ",,,"US","florida","lakecity","north central FL","lakecity.craigslist.org",,,,"North Central FL","Florida",,"(30.189676, -82.63929)"
"LAL",,,"US","florida","lakeland","lakeland","lakeland.craigslist.org",,,,"Lakeland FL","Florida",,"(28.039465, -81.949804)"
"MIA","default",,"US","florida","miami","south florida","miami.craigslist.org","mdc","miami / dade",,"South FL","Florida",,"(25.788969, -80.226439)"
"MIA","default",,"US","florida","miami","south florida","miami.craigslist.org","brw","broward county",,"South FL","Florida",,"(25.788969, -80.226439)"
"MIA","default",,"US","florida","miami","south florida","miami.craigslist.org","pbc","palm beach co",,"South FL","Florida",,"(25.788969, -80.226439)"
"OCF",,,"US","florida","ocala","ocala","ocala.craigslist.org",,,,"Ocala FL","Florida",,"(29.187199, -82.140092)"
"VPS",,,"US","florida","okaloosa","okaloosa / walton","okaloosa.craigslist.org",,,,"Okaloosa/Walton FL","Florida",,"(30.57734, -86.661108)"
"ORL","default",,"US","florida","orlando","orlando","orlando.craigslist.org",,,,"Orlando FL","Florida",,"(28.538336, -81.379236)"
"PFN",,,"US","florida","panamacity","panama city","panamacity.craigslist.org",,,,"Panama City FL","Florida",,"(30.158813, -85.660206)"
"PNS",,,"US","florida","pensacola","pensacola","pensacola.craigslist.org",,,,"Pensacola FL","Florida",,"(30.421309, -87.216915)"
"SRQ",,,"US","florida","sarasota","sarasota-bradenton","sarasota.craigslist.org",,,,"Sarasota-Bradenton FL","Florida",,"(27.336435, -82.530653)"
"SUA",,,"US","florida","spacecoast","space coast","spacecoast.craigslist.org",,,,"Space Coast FL","Florida",,"(28.263933, -80.721442)"
"JAX",,,"US","florida","staugustine","st augustine","staugustine.craigslist.org",,,,"St Augustine FL","Florida",,"(29.894264, -81.313208)"
"TLH",,,"US","florida","tallahassee","tallahassee","tallahassee.craigslist.org",,,,"Tallahassee FL","Florida",,"(30.438256, -84.280733)"
"TPA",,,"US","florida","tampa","tampa bay area","tampa.craigslist.org","hdo","hernando co",,"Tampa Bay Area FL","Florida",,"(27.949436, -82.465144)"
"TPA",,,"US","florida","tampa","tampa bay area","tampa.craigslist.org","hil","hillsborough co",,"Tampa Bay Area FL","Florida",,"(27.949436, -82.465144)"
"TPA",,,"US","florida","tampa","tampa bay area","tampa.craigslist.org","psc","pasco co",,"Tampa Bay Area FL","Florida",,"(27.949436, -82.465144)"
"TPA",,,"US","florida","tampa","tampa bay area","tampa.craigslist.org","pnl","pinellas co",,"Tampa Bay Area FL","Florida",,"(27.949436, -82.465144)"
"SUA","default",,"US","florida","treasure","treasure coast","treasure.craigslist.org",,,,"Treasure Coast FL","Florida",,"(27.275833, -80.355)"
"PBI",,,"US","florida","westpalmbeach","west palm beach","westpalmbeach.craigslist.org","mdc","miami / dade",,"West Palm Beach FL","Florida",,"(26.715342, -80.053375)"
"PBI",,,"US","florida","westpalmbeach","west palm beach","westpalmbeach.craigslist.org","brw","broward county",,"West Palm Beach FL","Florida",,"(26.715342, -80.053375)"
"PBI",,,"US","florida","westpalmbeach","west palm beach","westpalmbeach.craigslist.org","pbc","palm beach co",,"West Palm Beach FL","Florida",,"(26.715342, -80.053375)"
"ABY",,,"US","georgia","albanyga","albany","albanyga.craigslist.org",,,,"Albany GA","Georgia",,"(31.578507, -84.155741)"
"AHN",,,"US","georgia","athensga","athens","athensga.craigslist.org",,,,"Athens GA","Georgia",,"(33.955802, -83.382366)"
"ATL",,,"US","georgia","atlanta","atlanta","atlanta.craigslist.org","atl","atlanta",,"Atlanta GA","Georgia",,"(33.748995, -84.387982)"
"ATL",,,"US","georgia","atlanta","atlanta","atlanta.craigslist.org","nat","otp north",,"Atlanta GA","Georgia",,"(33.748995, -84.387982)"
"ATL",,,"US","georgia","atlanta","atlanta","atlanta.craigslist.org","eat","otp east",,"Atlanta GA","Georgia",,"(33.748995, -84.387982)"
"ATL",,,"US","georgia","atlanta","atlanta","atlanta.craigslist.org","sat","otp south",,"Atlanta GA","Georgia",,"(33.748995, -84.387982)"
"ATL",,,"US","georgia","atlanta","atlanta","atlanta.craigslist.org","wat","otp west",,"Atlanta GA","Georgia",,"(33.748995, -84.387982)"
"AGS",,,"US","georgia","augusta","augusta","augusta.craigslist.org",,,,"Augusta GA","Georgia",,"(33.474246, -82.00967)"
"GAZ",,,"US","georgia","brunswick","brunswick","brunswick.craigslist.org",,,,"Brunswick GA","Georgia",,"(31.149953, -81.491489)"
"CSG",,,"US","georgia","columbusga","columbus","columbusga.craigslist.org",,,,"Columbus GA","Alabama",,"(33.509851, -82.25833)"
"MCN",,,"US","georgia","macon","macon / warner robins","macon.craigslist.org",,,,"Macon/Warner Robins GA","Georgia",,"(33.509851, -82.25833)"
"GAZ",,,"US","georgia","nwga","northwest GA","nwga.craigslist.org",,,,"Northwest GA","Georgia",,"(35.04563, -85.30968)"
"SAV","default",,"US","georgia","savannah","savannah / hinesville","savannah.craigslist.org",,,,"Savannah/Hinesville GA","Georgia",,"(32.083541, -81.099834)"
"SAV",,,"US","georgia","statesboro","statesboro","statesboro.craigslist.org",,,,"Statesboro GA","Georgia",,"(32.448788, -81.783167)"
"GAZ",,,"US","georgia","valdosta","valdosta","valdosta.craigslist.org",,,,"Valdosta GA","Georgia",,"(30.832702, -83.278485)"
"HNL",,,"US","hawaii","honolulu","hawaii","honolulu.craigslist.org","big","big island",,"Big Island HI","Hawaii",,"(19.896766, -155.582782)"
"HNL",,,"US","hawaii","honolulu","hawaii","honolulu.craigslist.org","kau","kauai",,"Kauai HI","Hawaii",,"(19.896766, -155.582782)"
"HNL",,,"US","hawaii","honolulu","hawaii","honolulu.craigslist.org","mau","maui",,"Maui HI","Hawaii",,"(19.896766, -155.582782)"
"HNL",,,"US","hawaii","honolulu","hawaii","honolulu.craigslist.org","mol","molokai",,"Molokai HI","Hawaii",,"(19.896766, -155.582782)"
"HNL",,,"US","hawaii","honolulu","hawaii","honolulu.craigslist.org","oah","oahu",,"Oahu HI","Hawaii",,"(19.896766, -155.582782)"
"BOI",,,"US","idaho","boise","boise","boise.craigslist.org",,,,"Boise ID","Idaho",,"(43.612631, -116.211076)"
"IDA",,,"US","idaho","eastidaho","east idaho","eastidaho.craigslist.org",,,,"East ID","Idaho",,"(42.871303, -112.445534)"
"IDZ",,,"US","idaho","lewiston","lewiston / clarkston","lewiston.craigslist.org",,,,"Lewiston/Clarkston ID","Idaho",,"(46.400409, -117.001189)"
"IDZ",,,"US","idaho","twinfalls","twin falls","twinfalls.craigslist.org",,,,"Twin Falls ID","Idaho",,"(42.562967, -114.460871)"
"BMI",,,"US","illinois","bn","bloomington-normal","bn.craigslist.org",,,,"Bloomington-Normal IL","Illinois",,"(40.484203, -88.993687)"
"ILZ",,,"US","illinois","carbondale","southern illinois","carbondale.craigslist.org",,,,"Southern IL","Illinois",,"(37.727273, -89.21675)"
"CMI",,,"US","illinois","chambana","champaign urbana","chambana.craigslist.org",,,,"Champaign Urbana IL","Illinois",,"(40.11642, -88.243383)"
"CHI","default",,"US","illinois","chicago","chicago","chicago.craigslist.org","chc","city of chicago",,"Chicago IL","Illinois",,"(41.878114, -87.629798)"
"CHI","default",,"US","illinois","chicago","chicago","chicago.craigslist.org","nch","north chicagoland",,"Chicago IL","Illinois",,"(41.878114, -87.629798)"
"CHI","default",,"US","illinois","chicago","chicago","chicago.craigslist.org","wcl","west chicagoland",,"Chicago IL","Illinois",,"(41.878114, -87.629798)"
"CHI","default",,"US","illinois","chicago","chicago","chicago.craigslist.org","sox","south chicagoland",,"Chicago IL","Illinois",,"(41.878114, -87.629798)"
"CHI","default",,"US","illinois","chicago","chicago","chicago.craigslist.org","nwi","northwest indiana",,"Chicago IL","Illinois",,"(41.878114, -87.629798)"
"CHI","default",,"US","illinois","chicago","chicago","chicago.craigslist.org","nwc","northwest suburbs",,"Chicago IL","Illinois",,"(41.878114, -87.629798)"
"DEC",,,"US","illinois","decatur","decatur","decatur.craigslist.org",,,,"Decatur IL","Illinois",,"(39.840315, -88.9548)"
"ILZ",,,"US","illinois","lasalle","la salle co","lasalle.craigslist.org",,,,"La Salle Co IL","Illinois",,"(41.436399, -88.941386)"
"ILZ",,,"US","illinois","mattoon","mattoon-charleston","mattoon.craigslist.org",,,,"Mattoon-Charleston IL","Illinois",,"(39.48309, -88.372825)"
"PIA",,,"US","illinois","peoria","peoria","peoria.craigslist.org",,,,"Peoria IL","Illinois",,"(40.693649, -89.588986)"
"ILZ",,,"US","illinois","quincy","western IL","quincy.craigslist.org",,,,"Western IL","Illinois",,"(41.779753, -89.688997)"
"RFD",,,"US","illinois","rockford","rockford","rockford.craigslist.org",,,,"Rockford IL","Illinois",,"(42.271131, -89.093995)"
"SPI",,,"US","illinois","springfieldil","springfield","springfieldil.craigslist.org",,,,"Springfield IL","Illinois",,"(39.781721, -89.650148)"
"BMG",,,"US","indiana","bloomington","bloomington","bloomington.craigslist.org",,,,"Bloomington IN","Indiana",,"(40.484203, -88.993687)"
"EVV",,,"US","indiana","evansville","evansville","evansville.craigslist.org",,,,"Evansville IN","Indiana",,"(37.974764, -87.555848)"
"FWA",,,"US","indiana","fortwayne","fort wayne","fortwayne.craigslist.org",,,,"Fort Wayne IN","Indiana",,"(41.079273, -85.139351)"
"IPL",,,"US","indiana","indianapolis","indianapolis","indianapolis.craigslist.org",,,,"Indianapolis IN","Indiana",,"(39.768376, -86.158042)"
"GUS",,,"US","indiana","kokomo","kokomo","kokomo.craigslist.org",,,,"Kokomo IN","Indiana",,"(40.486427, -86.133603)"
"MIE",,,"US","indiana","muncie","muncie / anderson","muncie.craigslist.org",,,,"Muncie/Anderson IN","Indiana",,"(40.193377, -85.38636)"
"INZ",,,"US","indiana","richmondin","richmond","richmondin.craigslist.org",,,,"Richmond IN","Indiana",,"(39.828937, -84.890238)"
"SBN",,,"US","indiana","southbend","south bend / michiana","southbend.craigslist.org",,,,"South Bend/Michiana IN","Indiana",,"(41.683381, -86.250007)"
"INZ",,,"US","indiana","terrehaute","terre haute","terrehaute.craigslist.org",,,,"Terre Haute IN","Indiana",,"(39.466703, -87.413909)"
"LAF",,,"US","indiana","tippecanoe","lafayette / west lafayette","tippecanoe.craigslist.org",,,,"Lafayette/West Lafayette IN","Indiana",,"(40.416702, -86.875287)"
"AMW",,,"US","iowa","ames","ames","ames.craigslist.org",,,,"Ames IA","Iowa",,"(42.02335, -93.625622)"
"CID",,,"US","iowa","cedarrapids","cedar rapids","cedarrapids.craigslist.org",,,,"Cedar Rapids IA","Iowa",,"(41.962501, -91.691846)"
"DSM",,,"US","iowa","desmoines","des moines","desmoines.craigslist.org",,,,"Des Moines IA","Iowa",,"(41.600545, -93.609106)"
"DBQ",,,"US","iowa","dubuque","dubuque","dubuque.craigslist.org",,,,"Dubuque IA","Iowa",,"(42.500558, -90.664572)"
"IAZ",,,"US","iowa","fortdodge","fort dodge","fortdodge.craigslist.org",,,,"Fort Dodge IA","Iowa",,"(42.497469, -94.168016)"
"IOW",,,"US","iowa","iowacity","iowa city","iowacity.craigslist.org",,,,"Iowa City IA","Iowa",,"(41.661128, -91.530168)"
"IAZ",,,"US","iowa","masoncity","mason city","masoncity.craigslist.org",,,,"Mason City IA","Iowa",,"(43.153573, -93.201037)"
"IAZ",,,"US","iowa","ottumwa","southeast IA","ottumwa.craigslist.org",,,,"Southeast IA","Iowa",,"(41.007222, -91.965833)"
"MOL",,,"US","iowa","quadcities","quad cities","quadcities.craigslist.org",,,,"Quad Cities IA/IL","Illinois",,"(41.440373, -90.450237)"
"SUX",,,"US","iowa","siouxcity","sioux city","siouxcity.craigslist.org",,,,"Sioux City IA","Iowa",,"(42.499994, -96.400307)"
"ALO",,,"US","iowa","waterloo","waterloo / cedar falls","waterloo.craigslist.org",,,,"Waterloo/Cedar Falls IA","Iowa",,"(42.523611, -92.446389)"
"KSZ",,,"US","kansas","ksu","manhattan","ksu.craigslist.org",,,,"Manhattan KS","Kansas",,"(39.183608, -96.571669)"
"LWC",,,"US","kansas","lawrence","lawrence","lawrence.craigslist.org",,,,"Lawrence KS","Kansas",,"(38.971669, -95.23525)"
"KSZ",,,"US","kansas","nwks","northwest KS","nwks.craigslist.org",,,,"Northwest KS","Kansas",,"(39.350833, -101.710172)"
"KSZ",,,"US","kansas","salina","salina","salina.craigslist.org",,,,"Salina KS","Kansas",,"(38.84028, -97.611424)"
"KSZ",,,"US","kansas","seks","southeast KS","seks.craigslist.org",,,,"Southeast KS","Kansas",,"(37.0373, -95.616366)"
"KSZ",,,"US","kansas","swks","southwest KS","swks.craigslist.org",,,,"Southwest KS","Kansas",,"(37.752798, -100.017079)"
"FOE",,,"US","kansas","topeka","topeka","topeka.craigslist.org",,,,"Topeka KS","Kansas",,"(39.055823, -95.689018)"
"ICT",,,"US","kansas","wichita","wichita","wichita.craigslist.org",,,,"Wichita KS","Kansas",,"(37.692236, -97.337545)"
"KYZ",,,"US","kentucky","bgky","bowling green","bgky.craigslist.org",,,,"Bowling Green KY","Kentucky",,"(36.99032, -86.443602)"
"KYZ",,,"US","kentucky","eastky","eastern kentucky","eastky.craigslist.org",,,,"Eastern KY","Kentucky",,"(37.921476, -83.259622)"
"LEX",,,"US","kentucky","lexington","lexington","lexington.craigslist.org",,,,"Lexington KY","Kentucky",,"(38.031714, -84.495136)"
"SDF",,,"US","kentucky","louisville","louisville","louisville.craigslist.org",,,,"Louisville KY","Kentucky",,"(38.252665, -85.758456)"
"OWB",,,"US","kentucky","owensboro","owensboro","owensboro.craigslist.org",,,,"Owensboro KY","Kentucky",,"(37.774215, -87.11333)"
"KYZ",,,"US","kentucky","westky","western KY","westky.craigslist.org",,,,"Western KY","Kentucky",,"(37.167268, -87.692507)"
"BTR",,,"US","louisiana","batonrouge","baton rouge","batonrouge.craigslist.org",,,,"Baton Rouge LA","Louisiana",,"(30.458283, -91.14032)"
"AEX",,,"US","louisiana","cenla","central louisiana","cenla.craigslist.org",,,,"Central LA","Louisiana",,"(31.680123, -93.177966)"
"HUM",,,"US","louisiana","houma","houma","houma.craigslist.org",,,,"Houma LA","Louisiana",,"(29.59577, -90.719535)"
"LFT",,,"US","louisiana","lafayette","lafayette","lafayette.craigslist.org",,,,"Lafayette LA","Louisiana",,"(30.22409, -92.019843)"
"LCH",,,"US","louisiana","lakecharles","lake charles","lakecharles.craigslist.org",,,,"Lake Charles LA","Louisiana",,"(30.226595, -93.217376)"
"MLU",,,"US","louisiana","monroe","monroe","monroe.craigslist.org",,,,"Monroe LA","Louisiana",,"(32.815, -92.20556)"
"MSY",,,"US","louisiana","neworleans","new orleans","neworleans.craigslist.org",,,,"New Orleans LA","Louisiana",,"(29.964722, -90.070556)"
"SHV",,,"US","louisiana","shreveport","shreveport","shreveport.craigslist.org",,,,"Shreveport LA","Louisiana",,"(32.525152, -93.750179)"
"PWM",,,"US","maine","maine","maine","maine.craigslist.org",,,,"Maine ME","Maine",,"(45.253783, -69.445469)"
"WAS",,,"US","maryland","annapolis","annapolis","annapolis.craigslist.org",,,,"Annapolis MD","Maryland",,"(38.978445, -76.492183)"
"BWI",,,"US","maryland","baltimore","baltimore","baltimore.craigslist.org",,,,"Baltimore MD","Maryland",,"(39.290385, -76.612189)"
"VAZ",,,"US","maryland","easternshore","eastern shore","easternshore.craigslist.org",,,,"Eastern Shore VA","Virginia",,"(38.360674, -75.599369)"
"MDZ",,,"US","maryland","frederick","frederick","frederick.craigslist.org",,,,"Frederick MD","Maryland",,"(39.414269, -77.410541)"
"MDZ",,,"US","maryland","smd","southern maryland","smd.craigslist.org",,,,"Southern MD","Maryland",,"(38.318458, -76.454119)"
"CBE",,,"US","maryland","westmd","western maryland","westmd.craigslist.org",,,,"Western MD","Maryland",,"(39.641763, -77.719993)"
"BOS",,,"US","massachusetts","boston","boston","boston.craigslist.org","gbs","boston/camb/brook",,"Boston MA","Mass",,"(42.358431, -71.059773)"
"BOS",,,"US","massachusetts","boston","boston","boston.craigslist.org","nwb","northwest/merrimack",,"Boston MA","Mass",,"(42.358431, -71.059773)"
"BOS",,,"US","massachusetts","boston","boston","boston.craigslist.org","bmw","metro west",,"Boston MA","Mass",,"(42.358431, -71.059773)"
"BOS",,,"US","massachusetts","boston","boston","boston.craigslist.org","nos","north shore",,"Boston MA","Mass",,"(42.358431, -71.059773)"
"BOS",,,"US","massachusetts","boston","boston","boston.craigslist.org","sob","south shore",,"Boston MA","Mass",,"(42.358431, -71.059773)"
"HYA",,,"US","massachusetts","capecod","cape cod / islands","capecod.craigslist.org",,,,"Cape Cod/Islands MA","Mass",,"(41.686222, -70.075851)"
"MAZ",,,"US","massachusetts","southcoast","south coast","southcoast.craigslist.org",,,,"South Coast MA","Mass",,"(41.636215, -70.934205)"
"PSF",,,"US","massachusetts","westernmass","western massachusetts","westernmass.craigslist.org",,,,"Western MA","Mass",,"(42.101483, -72.589811)"
"MAZ",,,"US","massachusetts","worcester","worcester / central MA","worcester.craigslist.org",,,,"Worcester/Central MA","Mass",,"(42.262593, -71.802293)"
"DET",,,"US","michigan","annarbor","ann arbor","annarbor.craigslist.org",,,,"Ann Arbor MI","Michigan",,"(42.270872, -83.726329)"
"AZO",,,"US","michigan","battlecreek","battle creek","battlecreek.craigslist.org",,,,"Battle Creek MI","Michigan",,"(42.321152, -85.179714)"
"MIZ",,,"US","michigan","centralmich","central michigan","centralmich.craigslist.org",,,,"Central MI","Michigan",,"(43.597807, -84.767514)"
"DET","default",,"US","michigan","detroit","detroit metro","detroit.craigslist.org","mcb","macomb co",,"Detroit Metro MI","Michigan",,"(42.331427, -83.045754)"
"DET","default",,"US","michigan","detroit","detroit metro","detroit.craigslist.org","wyn","wayne co",,"Detroit Metro MI","Michigan",,"(42.331427, -83.045754)"
"DET","default",,"US","michigan","detroit","detroit metro","detroit.craigslist.org","okl","oakland co",,"Detroit Metro MI","Michigan",,"(42.331427, -83.045754)"
"MIZ",,,"US","michigan","flint","flint","flint.craigslist.org",,,,"Flint MI","Michigan",,"(43.012527, -83.687456)"
"GRR","default",,"US","michigan","grandrapids","grand rapids","grandrapids.craigslist.org",,,,"Grand Rapids MI","Michigan",,"(42.96336, -85.668086)"
"GRR",,,"US","michigan","holland","holland","holland.craigslist.org",,,,"Holland MI","Michigan",,"(42.787524, -86.10893)"
"JXN",,,"US","michigan","jxn","jackson","jxn.craigslist.org",,,,"Jackson MI","Michigan",,"(42.245869, -84.401346)"
"AZO","default",,"US","michigan","kalamazoo","kalamazoo","kalamazoo.craigslist.org",,,,"Kalamazoo MI","Michigan",,"(42.291707, -85.587229)"
"LAN",,,"US","michigan","lansing","lansing","lansing.craigslist.org",,,,"Lansing MI","Michigan",,"(42.732535, -84.555535)"
"DET",,,"US","michigan","monroemi","monroe","monroemi.craigslist.org",,,,"Monroe MI","Michigan",,"(32.815, -92.20556)"
"MIZ",,,"US","michigan","muskegon","muskegon","muskegon.craigslist.org",,,,"Muskegon MI","Michigan",,"(43.234181, -86.248392)"
"MIZ",,,"US","michigan","nmi","northern michigan","nmi.craigslist.org",,,,"Northern MI","Michigan",,"(45.027513, -84.674752)"
"MIZ",,,"US","michigan","porthuron","port huron","porthuron.craigslist.org",,,,"Port Huron MI","Michigan",,"(42.970863, -82.424914)"
"MBS",,,"US","michigan","saginaw","saginaw-midland-baycity","saginaw.craigslist.org",,,,"Saginaw-Midland-Baycity MI","Michigan",,"(43.41947, -83.950807)"
"AZO",,,"US","michigan","swmi","southwest michigan","swmi.craigslist.org",,,,"Southwest MI","Michigan",,"(41.940326, -85.000521)"
"MIZ",,,"US","michigan","thumb","the thumb","thumb.craigslist.org",,,,"The Thumb MI","Michigan",,"(43.940845, -82.712712)"
"MIZ",,,"US","michigan","up","upper peninsula","up.craigslist.org",,,,"Upper Peninsula MI","Michigan",,"(46.543544, -87.395417)"
"MNZ",,,"US","minnesota","bemidji","bemidji","bemidji.craigslist.org",,,,"Bemidji MN","Minnesota",,"(47.473611, -94.880278)"
"MNZ",,,"US","minnesota","brainerd","brainerd","brainerd.craigslist.org",,,,"Brainerd MN","Minnesota",,"(46.35722, -94.19444)"
"DLH",,,"US","minnesota","duluth","duluth / superior","duluth.craigslist.org",,,,"Duluth/Superior WI","Wisconsin",,"(46.786672, -92.100485)"
"MNZ",,,"US","minnesota","mankato","mankato","mankato.craigslist.org",,,,"Mankato MN","Minnesota",,"(44.163577, -93.9994)"
"MNZ",,,"US","minnesota","marshall","southwest MN","marshall.craigslist.org",,,,"Southwest MN","Minnesota",,"(43.623348, -95.5952)"
"MSP",,,"US","minnesota","minneapolis","minneapolis / st paul","minneapolis.craigslist.org","hnp","hennepin co",,"Minneapolis/St Paul MN","Minnesota",,"(44.979965, -93.263836)"
"MSP",,,"US","minnesota","minneapolis","minneapolis / st paul","minneapolis.craigslist.org","ram","ramsey co",,"Minneapolis/St Paul MN","Minnesota",,"(44.979965, -93.263836)"
"MSP",,,"US","minnesota","minneapolis","minneapolis / st paul","minneapolis.craigslist.org","ank","anok/chis/isa",,"Minneapolis/St Paul MN","Minnesota",,"(44.979965, -93.263836)"
"MSP",,,"US","minnesota","minneapolis","minneapolis / st paul","minneapolis.craigslist.org","wsh","washington/WI",,"Minneapolis/St Paul MN","Minnesota",,"(44.979965, -93.263836)"
"MSP",,,"US","minnesota","minneapolis","minneapolis / st paul","minneapolis.craigslist.org","dak","dakota/scott",,"Minneapolis/St Paul MN","Minnesota",,"(44.979965, -93.263836)"
"MSP",,,"US","minnesota","minneapolis","minneapolis / st paul","minneapolis.craigslist.org","csw","carv/sher/wri",,"Minneapolis/St Paul MN","Minnesota",,"(44.979965, -93.263836)"
"RST",,,"US","minnesota","rmn","rochester","rmn.craigslist.org",,,,"Rochester MN","Minnesota",,"(44.021631, -92.469899)"
"MNZ",,,"US","minnesota","stcloud","st cloud","stcloud.craigslist.org",,,,"St Cloud MN","Minnesota",,"(45.553889, -94.170278)"
"GPT",,,"US","mississippi","gulfport","gulfport / biloxi","gulfport.craigslist.org",,,,"Gulfport/Biloxi MS","Mississippi",,"(30.36742, -89.092816)"
"PIB",,,"US","mississippi","hattiesburg","hattiesburg","hattiesburg.craigslist.org",,,,"Hattiesburg MS","Mississippi",,"(31.327119, -89.290339)"
"JAN",,,"US","mississippi","jackson","jackson","jackson.craigslist.org",,,,"Jackson MS","Mississippi",,"(42.245869, -84.401346)"
"MSZ",,,"US","mississippi","meridian","meridian","meridian.craigslist.org",,,,"Meridian MS","Mississippi",,"(32.36431, -88.703656)"
"MSZ",,,"US","mississippi","natchez","southwest MS","natchez.craigslist.org",,,,"Southwest MS","Mississippi",,"(31.197396, -91.02177)"
"MSZ",,,"US","mississippi","northmiss","north mississippi","northmiss.craigslist.org",,,,"North MS","Mississippi",,"(34.988982, -90.012591)"
"COU",,,"US","missouri","columbiamo","columbia / jeff city","columbiamo.craigslist.org",,,,"Columbia/Jeff City MO","Missouri",,"(38.951705, -92.334072)"
"JLN",,,"US","missouri","joplin","joplin","joplin.craigslist.org",,,,"Joplin MO","Missouri",,"(37.084227, -94.513281)"
"MCI",,,"US","missouri","kansascity","kansas city","kansascity.craigslist.org",,,,"Kansas City MO","Missouri",,"(39.099726, -94.578567)"
"MOZ",,,"US","missouri","kirksville","kirksville","kirksville.craigslist.org",,,,"Kirksville MO","Missouri",,"(40.194754, -92.58325)"
"MOZ",,,"US","missouri","loz","lake of the ozarks","loz.craigslist.org",,,,"Lake of the Ozarks MO","Missouri",,"(37.979486, -92.793854)"
"CGI",,,"US","missouri","semo","southeast missouri","semo.craigslist.org",,,,"Southeast MO","Missouri",,"(36.756999, -90.392888)"
"SGF",,,"US","missouri","springfield","springfield","springfield.craigslist.org",,,,"Springfield MO","Missouri",,"(39.781721, -89.650148)"
"SJS",,,"US","missouri","stjoseph","st joseph","stjoseph.craigslist.org",,,,"St Joseph MO","Missouri",,"(39.757778, -94.836389)"
"STL",,,"US","missouri","stlouis","st louis","stlouis.craigslist.org",,,,"St Louis MO","Missouri",,"(38.646991, -90.224967)"
"BIL",,,"US","montana","billings","billings","billings.craigslist.org",,,,"Billings MT","Montana",,"(45.783286, -108.50069)"
"MTZ",,,"US","montana","bozeman","bozeman","bozeman.craigslist.org",,,,"Bozeman MT","Montana",,"(45.68346, -111.050499)"
"MTZ",,,"US","montana","butte","butte","butte.craigslist.org",,,,"Butte MT","Montana",,"(46.003917, -112.534446)"
"GTF",,,"US","montana","greatfalls","great falls","greatfalls.craigslist.org",,,,"Great Falls MT","Montana",,"(47.500235, -111.300808)"
"MTZ",,,"US","montana","helena","helena","helena.craigslist.org",,,,"Helena MT","Montana",,"(46.595806, -112.027031)"
"MTZ",,,"US","montana","kalispell","kalispell","kalispell.craigslist.org",,,,"Kalispell MT","Montana",,"(48.200531, -114.315102)"
"MSO",,,"US","montana","missoula","missoula","missoula.craigslist.org",,,,"Missoula MT","Montana",,"(46.872146, -113.993998)"
"MTZ",,,"US","montana","montana","montana (old)","montana.craigslist.org",,,,"Montana (Old) MT","Montana",,"(46.879682, -110.362566)"
"NEZ",,,"US","nebraska","grandisland","grand island","grandisland.craigslist.org",,,,"Grand Island NE","Nebraska",,"(40.922222, -98.358056)"
"LNK",,,"US","nebraska","lincoln","lincoln","lincoln.craigslist.org",,,,"Lincoln NE","Nebraska",,"(40.806862, -96.681679)"
"NEZ",,,"US","nebraska","northplatte","north platte","northplatte.craigslist.org",,,,"North Platte NE","Nebraska",,"(41.123887, -100.765423)"
"OMA",,,"US","nebraska","omaha","omaha / council bluffs","omaha.craigslist.org",,,,"Omaha/Council Bluffs NE","Nebraska",,"(41.254006, -95.999258)"
"NEZ",,,"US","nebraska","scottsbluff","scottsbluff / panhandle","scottsbluff.craigslist.org",,,,"Scottsbluff/Panhandle NE","Nebraska",,"(41.867222, -103.660833)"
"NVZ",,,"US","nevada","elko","elko","elko.craigslist.org",,,,"Elko NV","Nevada",,"(40.832421, -115.763123)"
"LAS",,,"US","nevada","lasvegas","las vegas","lasvegas.craigslist.org",,,,"Las Vegas NV","Nevada",,"(36.114646, -115.172816)"
"RNO",,,"US","nevada","reno","reno / tahoe","reno.craigslist.org",,,,"Reno/Tahoe NV","Nevada",,"(39.529633, -119.813803)"
"CNH",,,"US","new hampshire","nh","new hampshire","nh.craigslist.org",,,,"New Hampshire NH","New Hampshire",,"(43.193852, -71.572395)"
"NJZ",,,"US","new jersey","cnj","central NJ","cnj.craigslist.org",,,,"Central NJ","New Jersey",,"(40.348718, -74.659047)"
"NJZ",,,"US","new jersey","jerseyshore","jersey shore","jerseyshore.craigslist.org",,,,"Jersey Shore NJ","New Jersey",,"(39.953729, -74.197919)"
"NJZ",,,"US","new jersey","newjersey","north jersey","newjersey.craigslist.org",,,,"North Jersey NJ","New Jersey",,"(40.74399, -74.032363)"
"NJZ",,,"US","new jersey","southjersey","south jersey","southjersey.craigslist.org",,,,"South Jersey NJ","New Jersey",,"(39.925946, -75.11962)"
"ABQ",,,"US","new mexico","albuquerque","albuquerque","albuquerque.craigslist.org",,,,"Albuquerque NM","New Mexico",,"(35.084491, -106.651137)"
"CVN",,,"US","new mexico","clovis","clovis / portales","clovis.craigslist.org",,,,"Clovis/Portales NM","New Mexico",,"(34.404799, -103.205227)"
"NMZ",,,"US","new mexico","farmington","farmington","farmington.craigslist.org",,,,"Farmington NM","New Mexico",,"(36.728058, -108.218686)"
"LRU",,,"US","new mexico","lascruces","las cruces","lascruces.craigslist.org",,,,"Las Cruces NM","New Mexico",,"(32.31994, -106.763654)"
"NMZ",,,"US","new mexico","roswell","roswell / carlsbad","roswell.craigslist.org",,,,"Roswell/Carlsbad NM","New Mexico",,"(33.394265, -104.523024)"
"SAF",,,"US","new mexico","santafe","santa fe / taos","santafe.craigslist.org",,,,"Santa Fe/Taos NM","New Mexico",,"(35.686975, -105.937799)"
"ALB",,,"US","new york","albany","albany","albany.craigslist.org",,,,"Albany NY","New York",,"(31.578507, -84.155741)"
"BGM",,,"US","new york","binghamton","binghamton","binghamton.craigslist.org",,,,"Binghamton NY","New York",,"(42.098687, -75.917974)"
"BUF",,,"US","new york","buffalo","buffalo","buffalo.craigslist.org",,,,"Buffalo NY","New York",,"(42.886447, -78.878369)"
"NYZ",,,"US","new york","catskills","catskills","catskills.craigslist.org",,,,"Catskills NY","New York",,"(42.21731, -73.864573)"
"NYZ",,,"US","new york","chautauqua","chautauqua","chautauqua.craigslist.org",,,,"Chautauqua NY","New York",,"(42.20978, -79.466714)"
"ELM",,,"US","new york","elmira","elmira-corning","elmira.craigslist.org",,,,"Elmira-Corning NY","New York",,"(42.089796, -76.807734)"
"NYZ",,,"US","new york","fingerlakes","finger lakes","fingerlakes.craigslist.org",,,,"Finger Lakes NY","New York",,"(42.874231, -77.288038)"
"NYZ",,,"US","new york","glensfalls","glens falls","glensfalls.craigslist.org",,,,"Glens Falls NY","New York",,"(43.309516, -73.644006)"
"NYZ",,,"US","new york","hudsonvalley","hudson valley","hudsonvalley.craigslist.org",,,,"Hudson Valley NY","New York",,"(41.720927, -73.960138)"
"ITH",,,"US","new york","ithaca","ithaca","ithaca.craigslist.org",,,,"Ithaca NY","New York",,"(42.4423344873224, -76.50192260742188)"
"NYC",,,"US","new york","longisland","long island","longisland.craigslist.org",,,,"Long Island NY","New York",,"(40.799256620052255, -73.30078125)"
"NYC",,,"US","new york","newyork","new york city","newyork.craigslist.org","mnh","manhattan",,"Fairfield Co CT","Connecticut",,"(40.714353, -74.005973)"
"NYC",,,"US","new york","newyork","new york city","newyork.craigslist.org","brk","brooklyn",,"Fairfield Co CT","Connecticut",,"(40.714353, -74.005973)"
"NYC",,,"US","new york","newyork","new york city","newyork.craigslist.org","que","queens",,"Fairfield Co CT","Connecticut",,"(40.714353, -74.005973)"
"NYC",,,"US","new york","newyork","new york city","newyork.craigslist.org","brx","bronx",,"Fairfield Co CT","Connecticut",,"(40.714353, -74.005973)"
"NYC",,,"US","new york","newyork","new york city","newyork.craigslist.org","stn","staten island",,"Fairfield Co CT","Connecticut",,"(40.714353, -74.005973)"
"NYC",,,"US","new york","newyork","new york city","newyork.craigslist.org","jsy","new jersey",,"Fairfield Co CT","Connecticut",,"(40.714353, -74.005973)"
"NYC",,,"US","new york","newyork","new york city","newyork.craigslist.org","lgi","long island",,"Fairfield Co CT","Connecticut",,"(40.714353, -74.005973)"
"NYC",,,"US","new york","newyork","new york city","newyork.craigslist.org","wch","westchester",,"Fairfield Co CT","Connecticut",,"(40.714353, -74.005973)"
"NYC",,,"US","new york","newyork","new york city","newyork.craigslist.org","fct","fairfield",,"Fairfield Co CT","Connecticut",,"(40.714353, -74.005973)"
"NYZ",,,"US","new york","oneonta","oneonta","oneonta.craigslist.org",,,,"Oneonta NY","New York",,"(42.452857, -75.063775)"
"NYZ",,,"US","new york","plattsburgh","plattsburgh-adirondacks","plattsburgh.craigslist.org",,,,"Plattsburgh-Adirondacks NY","New York",,"(44.699487, -73.452912)"
"NYZ",,,"US","new york","potsdam","potsdam-canton-massena","potsdam.craigslist.org",,,,"Potsdam-Canton-Massena NY","New York",,"(44.66978, -74.981308)"
"ROC",,,"US","new york","rochester","rochester","rochester.craigslist.org",,,,"Rochester NY","New York",,"(44.021631, -92.469899)"
"SYR",,,"US","new york","syracuse","syracuse","syracuse.craigslist.org",,,,"Syracuse NY","New York",,"(43.048122, -76.147424)"
"NYZ",,,"US","new york","twintiers","twin tiers NY/PA","twintiers.craigslist.org",,,,"Twin Tiers NY/PA","New York",,"(41.843949, -79.145044)"
"NYZ",,,"US","new york","utica","utica-rome-oneida","utica.craigslist.org",,,,"Utica-Rome-Oneida NY","New York",,"(43.09772398456919, -75.23265838623047)"
"NYZ",,,"US","new york","watertown","watertown","watertown.craigslist.org",,,,"Watertown NY","New York",,"(43.974784, -75.910756)"
"AVL",,,"US","north carolina","asheville","asheville","asheville.craigslist.org",,,,"Asheville NC","N Carolina",,"(35.600945, -82.554015)"
"NCZ",,,"US","north carolina","boone","boone","boone.craigslist.org",,,,"Boone NC","N Carolina",,"(36.216795, -81.674552)"
"CLT",,,"US","north carolina","charlotte","charlotte","charlotte.craigslist.org",,,,"Charlotte NC","N Carolina",,"(35.227087, -80.843127)"
"NCZ",,,"US","north carolina","eastnc","eastern NC","eastnc.craigslist.org",,,,"Eastern NC","N Carolina",,"(35.305447, -76.788543)"
"FAY",,,"US","north carolina","fayetteville","fayetteville","fayetteville.craigslist.org",,,,"Fayetteville NC","N Carolina",,"(36.06258, -94.157426)"
"GSO","default",,"US","north carolina","greensboro","greensboro","greensboro.craigslist.org",,,,"Greensboro NC","N Carolina",,"(36.072635, -79.791975)"
"HKY",,,"US","north carolina","hickory","hickory / lenoir","hickory.craigslist.org",,,,"Hickory/Lenoir NC","N Carolina",,"(35.91402, -81.538985)"
"OAJ",,,"US","north carolina","onslow","jacksonville","onslow.craigslist.org",,,,"Jacksonville NC","N Carolina",,"(30.332184, -81.655651)"
"NCZ",,,"US","north carolina","outerbanks","outer banks","outerbanks.craigslist.org",,,,"Outer Banks NC","N Carolina",,"(36.030723, -75.67601)"
"RDU",,,"US","north carolina","raleigh","raleigh / durham / CH","raleigh.craigslist.org",,,,"Raleigh/Durham/CH NC","N Carolina",,"(35.772096, -78.638614)"
"ILM",,,"US","north carolina","wilmington","wilmington","wilmington.craigslist.org",,,,"Wilmington NC","N Carolina",,"(34.225725, -77.94471)"
"GSO",,,"US","north carolina","winstonsalem","winston-salem","winstonsalem.craigslist.org",,,,"Winston-Salem NC","N Carolina",,"(36.09986, -80.244216)"
"BIS",,,"US","north dakota","bismarck","bismarck","bismarck.craigslist.org",,,,"Bismarck ND","North Dakota",,"(46.808327, -100.783739)"
"FAR",,,"US","north dakota","fargo","fargo / moorhead","fargo.craigslist.org",,,,"Fargo/Moorhead MN","Minnesota",,"(46.877186, -96.789803)"
"GFK",,,"US","north dakota","grandforks","grand forks","grandforks.craigslist.org",,,,"Grand Forks ND","North Dakota",,"(47.925257, -97.032855)"
"NDZ",,,"US","north dakota","nd","north dakota","nd.craigslist.org",,,,"North Dakota ND","North Dakota",,"(48.146968, -103.617974)"
"CAK",,,"US","ohio","akroncanton","akron / canton","akroncanton.craigslist.org",,,,"Akron/Canton OH","Ohio",,"(41.081445, -81.519005)"
"OHZ",,,"US","ohio","ashtabula","ashtabula","ashtabula.craigslist.org",,,,"Ashtabula OH","Ohio",,"(41.865053, -80.789809)"
"OHZ",,,"US","ohio","athensohio","athens","athensohio.craigslist.org",,,,"Athens OH","Ohio",,"(33.955802, -83.382366)"
"OHZ",,,"US","ohio","chillicothe","chillicothe","chillicothe.craigslist.org",,,,"Chillicothe OH","Ohio",,"(39.33312, -82.982402)"
"CIN",,,"US","ohio","cincinnati","cincinnati","cincinnati.craigslist.org",,,,"Cincinnati OH","Ohio",,"(39.103118, -84.51202)"
"CLE",,,"US","ohio","cleveland","cleveland","cleveland.craigslist.org",,,,"Cleveland OH","Ohio",,"(41.499495, -81.695409)"
"CMH",,,"US","ohio","columbus","columbus","columbus.craigslist.org",,,,"Columbus OH","Ohio",,"(33.509851, -82.25833)"
"DAY",,,"US","ohio","dayton","dayton / springfield","dayton.craigslist.org",,,,"Dayton/Springfield OH","Ohio",,"(39.758948, -84.191607)"
"FDY",,,"US","ohio","limaohio","lima / findlay","limaohio.craigslist.org",,,,"Lima/Findlay OH","Ohio",,"(40.742551, -84.105226)"
"MFD","default",,"US","ohio","mansfield","mansfield","mansfield.craigslist.org",,,,"Mansfield OH","Ohio",,"(40.75839, -82.515447)"
"OHZ",,,"US","ohio","sandusky","sandusky","sandusky.craigslist.org",,,,"Sandusky OH","Ohio",,"(41.44894, -82.70796)"
"TOL",,,"US","ohio","toledo","toledo","toledo.craigslist.org",,,,"Toledo OH","Ohio",,"(41.663938, -83.555212)"
"OHZ",,,"US","ohio","tuscarawas","tuscarawas co","tuscarawas.craigslist.org",,,,"Tuscarawas Co OH","Ohio",,"(40.397897, -81.427898)"
"YNG",,,"US","ohio","youngstown","youngstown","youngstown.craigslist.org",,,,"Youngstown OH","Ohio",,"(41.09978, -80.649519)"
"OHZ",,,"US","ohio","zanesville","zanesville / cambridge","zanesville.craigslist.org",,,,"Zanesville/Cambridge OH","Ohio",,"(39.940345, -82.013192)"
"OKZ",,,"US","oklahoma","enid","northwest OK","enid.craigslist.org",,,,"Northwest OK","Oklahoma",,"(36.395589, -97.878391)"
"LAW",,,"US","oklahoma","lawton","lawton","lawton.craigslist.org",,,,"Lawton OK","Oklahoma",,"(34.608685, -98.39033)"
"OKC",,,"US","oklahoma","oklahomacity","oklahoma city","oklahomacity.craigslist.org",,,,"Oklahoma City OK","Oklahoma",,"(35.46756, -97.516428)"
"OKZ",,,"US","oklahoma","stillwater","stillwater","stillwater.craigslist.org",,,,"Stillwater OK","Oklahoma",,"(36.115607, -97.058368)"
"TUL",,,"US","oklahoma","tulsa","tulsa","tulsa.craigslist.org",,,,"Tulsa OK","Oklahoma",,"(36.153982, -95.992775)"
"RDM",,,"US","oregon","bend","bend","bend.craigslist.org",,,,"Bend OR","Oregon",,"(44.058173, -121.31531)"
"CVO","default",,"US","oregon","corvallis","corvallis/albany","corvallis.craigslist.org",,,,"Corvallis/Albany OR","Oregon",,"(44.564566, -123.262043)"
"ORZ",,,"US","oregon","eastoregon","east oregon","eastoregon.craigslist.org",,,,"East Oregon OR","Oregon",,"(45.84041, -119.28946)"
"EUG",,,"US","oregon","eugene","eugene","eugene.craigslist.org",,,,"Eugene OR","Oregon",,"(44.052069, -123.086754)"
"ORZ",,,"US","oregon","klamath","klamath falls","klamath.craigslist.org",,,,"Klamath Falls OR","Oregon",,"(42.224867, -121.78167)"
"MFR",,,"US","oregon","medford","medford-ashland","medford.craigslist.org",,,,"Medford-Ashland OR","Oregon",,"(42.194576, -122.709477)"
"ORZ",,,"US","oregon","oregoncoast","oregon coast","oregoncoast.craigslist.org",,,,"Oregon Coast OR","Oregon",,"(43.366501, -124.21789)"
"PDX",,,"US","oregon","portland","portland","portland.craigslist.org","mlt","multnomah co",,"Portland OR","Oregon",,"(45.523452, -122.676207)"
"PDX",,,"US","oregon","portland","portland","portland.craigslist.org","wsc","washington co",,"Portland OR","Oregon",,"(45.523452, -122.676207)"
"PDX",,,"US","oregon","portland","portland","portland.craigslist.org","clk","clark/cowlitz",,"Portland OR","Oregon",,"(45.523452, -122.676207)"
"PDX",,,"US","oregon","portland","portland","portland.craigslist.org","clc","clackamas co",,"Portland OR","Oregon",,"(45.523452, -122.676207)"
"PDX",,,"US","oregon","portland","portland","portland.craigslist.org","nco","north coast",,"Portland OR","Oregon",,"(45.523452, -122.676207)"
"PDX",,,"US","oregon","portland","portland","portland.craigslist.org","yam","yamhill co",,"Portland OR","Oregon",,"(45.523452, -122.676207)"
"PDX",,,"US","oregon","portland","portland","portland.craigslist.org","grg","columbia gorge",,"Portland OR","Oregon",,"(45.523452, -122.676207)"
"ORZ",,,"US","oregon","roseburg","roseburg","roseburg.craigslist.org",,,,"Roseburg OR","Oregon",,"(43.216505, -123.341738)"
"CVO",,,"US","oregon","salem","salem","salem.craigslist.org",,,,"Salem OR","Oregon",,"(44.942898, -123.035096)"
"ABE",,,"US","pennsylvania","allentown","lehigh valley","allentown.craigslist.org",,,,"Lehigh Valley PA","Pennsylvania",,"(41.274529, -75.453796)"
"AOO",,,"US","pennsylvania","altoona","altoona-johnstown","altoona.craigslist.org",,,,"Altoona-Johnstown PA","Pennsylvania",,"(40.518681, -78.394736)"
"PAZ",,,"US","pennsylvania","chambersburg","cumberland valley","chambersburg.craigslist.org",,,,"Cumberland Valley PA","Pennsylvania",,"(39.811017, -78.6342)"
"ERE",,,"US","pennsylvania","erie","erie","erie.craigslist.org",,,,"Erie PA","Pennsylvania",,"(42.129224, -80.085059)"
"HAR",,,"US","pennsylvania","harrisburg","harrisburg","harrisburg.craigslist.org",,,,"Harrisburg PA","Pennsylvania",,"(40.2737, -76.884418)"
"LNS",,,"US","pennsylvania","lancaster","lancaster","lancaster.craigslist.org",,,,"Lancaster PA","Pennsylvania",,"(40.037876, -76.305514)"
"PAZ",,,"US","pennsylvania","meadville","meadville","meadville.craigslist.org",,,,"Meadville PA","Pennsylvania",,"(41.641444, -80.151448)"
"SCE",,,"US","pennsylvania","pennstate","state college","pennstate.craigslist.org",,,,"State College PA","Pennsylvania",,"(40.793395, -77.860001)"
"PHL",,,"US","pennsylvania","philadelphia","philadelphia","philadelphia.craigslist.org",,,,"Philadelphia PA","Pennsylvania",,"(39.952335, -75.163789)"
"PIT",,,"US","pennsylvania","pittsburgh","pittsburgh","pittsburgh.craigslist.org",,,,"Pittsburgh PA","Pennsylvania",,"(40.440625, -79.995886)"
"PAZ",,,"US","pennsylvania","poconos","poconos","poconos.craigslist.org",,,,"Poconos PA","Pennsylvania",,"(41.322316, -74.802388)"
"PAZ",,,"US","pennsylvania","reading","reading","reading.craigslist.org",,,,"Reading PA","Pennsylvania",,"(40.33215123550075, -75.9268569946289)"
"AVP",,,"US","pennsylvania","scranton","scranton / wilkes-barre","scranton.craigslist.org",,,,"Scranton/Wilkes-Barre PA","Pennsylvania",,"(41.408969, -75.662412)"
"IPT",,,"US","pennsylvania","williamsport","williamsport","williamsport.craigslist.org",,,,"Williamsport PA","Pennsylvania",,"(41.24119, -77.001079)"
"PAZ",,,"US","pennsylvania","york","york","york.craigslist.org",,,,"York PA","Pennsylvania",,"(39.962598, -76.727745)"
"PVD",,,"US","rhode island","providence","rhode island","providence.craigslist.org",,,,"Rhode Island RI","Rhode Island",,"(41.580094, -71.477429)"
"CHS",,,"US","south carolina","charleston","charleston","charleston.craigslist.org",,,,"Charleston SC","S Carolina",,"(32.776566, -79.930922)"
"CAE",,,"US","south carolina","columbia","columbia","columbia.craigslist.org",,,,"Columbia SC","S Carolina",,"(34.00071, -81.034814)"
"FLO",,,"US","south carolina","florencesc","florence","florencesc.craigslist.org",,,,"Florence SC","S Carolina",,"(34.195433, -79.762562)"
"SCZ",,,"US","south carolina","greenville","greenville / upstate","greenville.craigslist.org",,,,"Greenville/Upstate SC","S Carolina",,"(34.852618, -82.39401)"
"SCZ",,,"US","south carolina","hiltonhead","hilton head","hiltonhead.craigslist.org",,,,"Hilton Head SC","S Carolina",,"(32.216316, -80.752608)"
"MYR",,,"US","south carolina","myrtlebeach","myrtle beach","myrtlebeach.craigslist.org",,,,"Myrtle Beach SC","S Carolina",,"(33.68906, -78.886694)"
"SDZ",,,"US","south dakota","csd","pierre / central SD","csd.craigslist.org",,,,"Pierre/Central SD","South Dakota",,"(44.368316, -100.350966)"
"SDZ",,,"US","south dakota","nesd","northeast SD","nesd.craigslist.org",,,,"Northeast SD","South Dakota",,"(44.899409, -97.115073)"
"RAP",,,"US","south dakota","rapidcity","rapid city / west SD","rapidcity.craigslist.org",,,,"Rapid City/West SD","South Dakota",,"(44.080543, -103.231015)"
"SDZ",,,"US","south dakota","sd","south dakota","sd.craigslist.org",,,,"South Dakota SD","South Dakota",,"(43.969515, -99.901813)"
"FSD",,,"US","south dakota","siouxfalls","sioux falls / SE SD","siouxfalls.craigslist.org",,,,"Sioux Falls/SE SD","South Dakota",,"(43.549975, -96.700327)"
"CHA",,,"US","tennessee","chattanooga","chattanooga","chattanooga.craigslist.org",,,,"Chattanooga TN","Tennessee",,"(35.04563, -85.30968)"
"CKV",,,"US","tennessee","clarksville","clarksville","clarksville.craigslist.org",,,,"Clarksville TN","Tennessee",,"(36.529771, -87.359453)"
"TNZ",,,"US","tennessee","cookeville","cookeville","cookeville.craigslist.org",,,,"Cookeville TN","Tennessee",,"(36.162839, -85.501642)"
"MKL",,,"US","tennessee","jacksontn","jackson  ","jacksontn.craigslist.org",,,,"Jackson TN","Tennessee",,"(28.805267, -97.003598)"
"TYS",,,"US","tennessee","knoxville","knoxville","knoxville.craigslist.org",,,,"Knoxville TN","Tennessee",,"(35.960638, -83.920739)"
"MEM",,,"US","tennessee","memphis","memphis","memphis.craigslist.org",,,,"Memphis TN","Tennessee",,"(35.149534, -90.04898)"
"BNA",,,"US","tennessee","nashville","nashville","nashville.craigslist.org",,,,"Nashville TN","Tennessee",,"(36.16589, -86.784443)"
"TRI",,,"US","tennessee","tricities","tri-cities","tricities.craigslist.org",,,,"Tri-Cities TN","Tennessee",,"(36.31344, -82.353473)"
"ABI",,,"US","texas","abilene","abilene","abilene.craigslist.org",,,,"Abilene TX","Texas",,"(32.44140810667609, -99.73320007324219)"
"AMA",,,"US","texas","amarillo","amarillo","amarillo.craigslist.org",,,,"Amarillo TX","Texas",,"(35.221997, -101.831297)"
"ATN","default",,"US","texas","austin","austin","austin.craigslist.org",,,,"Austin TX","Texas",,"(30.267153, -97.743061)"
"BPT",,,"US","texas","beaumont","beaumont / port arthur","beaumont.craigslist.org",,,,"Beaumont/Port Arthur TX","Texas",,"(30.080174, -94.126556)"
"TXZ",,,"US","texas","bigbend","southwest TX","bigbend.craigslist.org",,,,"Southwest TX","Texas",,"(29.31756, -103.616898)"
"BRO",,,"US","texas","brownsville","brownsville","brownsville.craigslist.org",,,,"Brownsville TX","Texas",,"(25.901747, -97.497484)"
"CLL",,,"US","texas","collegestation","college station","collegestation.craigslist.org",,,,"College Station TX","Texas",,"(30.627977, -96.334407)"
"CRP",,,"US","texas","corpuschristi","corpus christi","corpuschristi.craigslist.org",,,,"Corpus Christi TX","Texas",,"(27.800583, -97.396381)"
"DFW",,,"US","texas","dallas","dallas / fort worth","dallas.craigslist.org","dal","dallas",,"Dallas/Fort Worth TX","Texas",,"(32.802955, -96.769923)"
"DFW",,,"US","texas","dallas","dallas / fort worth","dallas.craigslist.org","ftw","fort worth",,"Dallas/Fort Worth TX","Texas",,"(32.802955, -96.769923)"
"DFW",,,"US","texas","dallas","dallas / fort worth","dallas.craigslist.org","mdf","mid cities",,"Dallas/Fort Worth TX","Texas",,"(32.802955, -96.769923)"
"DFW",,,"US","texas","dallas","dallas / fort worth","dallas.craigslist.org","ndf","north DFW",,"Dallas/Fort Worth TX","Texas",,"(32.802955, -96.769923)"
"DFW",,,"US","texas","dallas","dallas / fort worth","dallas.craigslist.org","sdf","south DFW",,"Dallas/Fort Worth TX","Texas",,"(32.802955, -96.769923)"
"TXZ",,,"US","texas","delrio","del rio / eagle pass","delrio.craigslist.org",,,,"Del Rio/Eagle Pass TX","Texas",,"(29.370886, -100.895867)"
"TYR",,,"US","texas","easttexas","tyler / east TX","easttexas.craigslist.org",,,,"Tyler/East TX","Texas",,"(32.34400159041638, -95.3009033203125)"
"ELP",,,"US","texas","elpaso","el paso","elpaso.craigslist.org",,,,"El Paso TX","Texas",,"(31.75872, -106.486931)"
"HOU",,,"US","texas","galveston","galveston","galveston.craigslist.org",,,,"Galveston TX","Texas",,"(29.301348, -94.797696)"
"HOU","default",,"US","texas","houston","houston","houston.craigslist.org",,,,"Houston TX","Texas",,"(29.762884, -95.383062)"
"GRK",,,"US","texas","killeen","killeen / temple / ft hood","killeen.craigslist.org",,,,"Killeen/Temple/Ft Hood TX","Texas",,"(31.117119, -97.727796)"
"LRD",,,"US","texas","laredo","laredo","laredo.craigslist.org",,,,"Laredo TX","Texas",,"(27.506407, -99.507542)"
"LBB",,,"US","texas","lubbock","lubbock","lubbock.craigslist.org",,,,"Lubbock TX","Texas",,"(33.577863, -101.855166)"
"MFE",,,"US","texas","mcallen","mcallen / edinburg","mcallen.craigslist.org",,,,"Mcallen/Edinburg TX","Texas",,"(26.203407, -98.230012)"
"TXZ",,,"US","texas","nacogdoches","deep east texas","nacogdoches.craigslist.org",,,,"Deep East TX","Texas",,"(31.603513, -94.655487)"
"MAF",,,"US","texas","odessa","odessa / midland","odessa.craigslist.org",,,,"Odessa/Midland TX","Texas",,"(31.845682, -102.367643)"
"SJT",,,"US","texas","sanangelo","san angelo","sanangelo.craigslist.org",,,,"San Angelo TX","Texas",,"(31.463772, -100.437038)"
"SAT",,,"US","texas","sanantonio","san antonio","sanantonio.craigslist.org",,,,"San Antonio TX","Texas",,"(29.424122, -98.493628)"
"ATN",,,"US","texas","sanmarcos","san marcos","sanmarcos.craigslist.org",,,,"San Marcos TX","Texas",,"(29.883275, -97.941394)"
"TXZ",,,"US","texas","texoma","texoma","texoma.craigslist.org",,,,"Texoma TX","Texas",,"(33.635662, -96.60888)"
"VCT",,,"US","texas","victoriatx","victoria ","victoriatx.craigslist.org",,,,"Victoria TX","Texas",,"(28.805267, -97.003598)"
"WAC",,,"US","texas","waco","waco","waco.craigslist.org",,,,"Waco TX","Texas",,"(31.549333, -97.14667)"
"SPS",,,"US","texas","wichitafalls","wichita falls","wichitafalls.craigslist.org",,,,"Wichita Falls TX","Texas",,"(33.913708, -98.493387)"
"UTZ",,,"US","utah","logan","logan","logan.craigslist.org",,,,"Logan UT","Utah",,"(41.735486, -111.834388)"
"SLC",,,"US","utah","ogden","ogden-clearfield","ogden.craigslist.org",,,,"Ogden-Clearfield UT","Utah",,"(41.223, -111.97383)"
"PVU",,,"US","utah","provo","provo / orem","provo.craigslist.org",,,,"Provo/Orem UT","Utah",,"(40.233844, -111.658534)"
"SLC","default",,"US","utah","saltlakecity","salt lake city","saltlakecity.craigslist.org",,,,"Salt Lake City UT","Utah",,"(40.760779, -111.891047)"
"UTZ",,,"US","utah","stgeorge","st george","stgeorge.craigslist.org",,,,"St George UT","Utah",,"(37.095278, -113.578056)"
"BTV",,,"US","vermont","burlington","vermont","burlington.craigslist.org",,,,"Vermont VT","Vermont",,"(44.558803, -72.577841)"
"VAZ",,,"US","virginia","blacksburg","new river valley","blacksburg.craigslist.org",,,,"New River Valley VA","Virginia",,"(37.175348, -80.543845)"
"CHO",,,"US","virginia","charlottesville","charlottesville","charlottesville.craigslist.org",,,,"Charlottesville VA","Virginia",,"(38.029306, -78.476678)"
"DAN",,,"US","virginia","danville","danville","danville.craigslist.org",,,,"Danville VA","Virginia",,"(36.585972, -79.395023)"
"VAZ",,,"US","virginia","fredericksburg","fredericksburg","fredericksburg.craigslist.org",,,,"Fredericksburg VA","Virginia",,"(38.303184, -77.46054)"
"VAZ",,,"US","virginia","harrisonburg","harrisonburg","harrisonburg.craigslist.org",,,,"Harrisonburg VA","Virginia",,"(38.449569, -78.868916)"
"LYH",,,"US","virginia","lynchburg","lynchburg","lynchburg.craigslist.org",,,,"Lynchburg VA","Virginia",,"(37.413754, -79.142246)"
"VAZ",,,"US","virginia","norfolk","hampton roads","norfolk.craigslist.org",,,,"Hampton Roads VA","Virginia",,"(36.786224, -76.548823)"
"RIC",,,"US","virginia","richmond","richmond","richmond.craigslist.org",,,,"Richmond VA","Virginia",,"(39.828937, -84.890238)"
"ROA",,,"US","virginia","roanoke","roanoke","roanoke.craigslist.org",,,,"Roanoke VA","Virginia",,"(37.27097, -79.941427)"
"VAZ",,,"US","virginia","swva","southwest VA","swva.craigslist.org",,,,"Southwest VA","Virginia",,"(36.948453, -81.084811)"
"VAZ",,,"US","virginia","winchester","winchester","winchester.craigslist.org",,,,"Winchester VA","Virginia",,"(39.18566, -78.163334)"
"BLI",,,"US","washington","bellingham","bellingham","bellingham.craigslist.org",,,,"Bellingham WA","Washington",,"(48.759553, -122.488225)"
"PSC",,,"US","washington","kpr","kennewick-pasco-richland","kpr.craigslist.org",,,,"Kennewick-Pasco-Richland WA","Washington",,"(46.211246, -119.137234)"
"WAZ",,,"US","washington","moseslake","moses lake","moseslake.craigslist.org",,,,"Moses Lake WA","Washington",,"(47.130142, -119.278077)"
"WAZ",,,"US","washington","olympic","olympic peninsula","olympic.craigslist.org",,,,"Olympic Peninsula WA","Washington",,"(47.750087, -123.751022)"
"IDZ",,,"US","washington","pullman","pullman / moscow","pullman.craigslist.org",,,,"Pullman/Moscow ID","Idaho",,"(46.731275, -117.179616)"
"SEA",,,"US","washington","seattle","seattle-tacoma","seattle.craigslist.org","see","seattle",,"Seattle-Tacoma WA","Washington",,"(47.60621, -122.332071)"
"SEA",,,"US","washington","seattle","seattle-tacoma","seattle.craigslist.org","est","eastside",,"Seattle-Tacoma WA","Washington",,"(47.60621, -122.332071)"
"SEA",,,"US","washington","seattle","seattle-tacoma","seattle.craigslist.org","sno","snohomish co",,"Seattle-Tacoma WA","Washington",,"(47.60621, -122.332071)"
"SEA",,,"US","washington","seattle","seattle-tacoma","seattle.craigslist.org","kit","kitsap co",,"Seattle-Tacoma WA","Washington",,"(47.60621, -122.332071)"
"SEA",,,"US","washington","seattle","seattle-tacoma","seattle.craigslist.org","tac","tacoma",,"Seattle-Tacoma WA","Washington",,"(47.60621, -122.332071)"
"SEA",,,"US","washington","seattle","seattle-tacoma","seattle.craigslist.org","oly","olympia",,"Seattle-Tacoma WA","Washington",,"(47.60621, -122.332071)"
"SEA",,,"US","washington","seattle","seattle-tacoma","seattle.craigslist.org","skc","south king",,"Seattle-Tacoma WA","Washington",,"(47.60621, -122.332071)"
"WAZ",,,"US","washington","skagit","skagit / island / SJI","skagit.craigslist.org",,,,"Skagit/Island/SJI WA","Washington",,"(48.29324431799557, -122.64312744140625)"
"GEG",,,"US","washington","spokane","spokane / coeur d'alene","spokane.craigslist.org",,,,"Spokane/Coeur D'Alene WA","Washington",,"(47.65878, -117.426047)"
"WAZ",,,"US","washington","wenatchee","wenatchee","wenatchee.craigslist.org",,,,"Wenatchee WA","Washington",,"(47.42346, -120.310349)"
"YKM",,,"US","washington","yakima","yakima","yakima.craigslist.org",,,,"Yakima WA","Washington",,"(46.602071, -120.505899)"
"CRW",,,"US","west virginia","charlestonwv","charleston ","charlestonwv.craigslist.org",,,,"Charleston WV","West Virginia",,"(38.349819, -81.632623)"
"MFD",,,"US","west virginia","huntington","huntington-ashland","huntington.craigslist.org",,,,"Huntington-Ashland OH","Ohio",,"(38.41925, -82.445154)"
"WVZ",,,"US","west virginia","martinsburg","eastern panhandle","martinsburg.craigslist.org",,,,"Eastern Panhandle WV","West Virginia",,"(39.45621, -77.963887)"
"CKB",,,"US","west virginia","morgantown","morgantown","morgantown.craigslist.org",,,,"Morgantown WV","West Virginia",,"(39.629526, -79.955897)"
"PKB",,,"US","west virginia","parkersburg","parkersburg-marietta","parkersburg.craigslist.org",,,,"Parkersburg-Marietta WV","West Virginia",,"(39.266742, -81.561513)"
"BKW",,,"US","west virginia","swv","southern WV","swv.craigslist.org",,,,"Southern WV","West Virginia",,"(37.77817, -81.188156)"
"HLG",,,"US","west virginia","wheeling","northern panhandle","wheeling.craigslist.org",,,,"Northern Panhandle WV","West Virginia",,"(40.063962, -80.720915)"
"WVZ",,,"US","west virginia","wv","west virginia (old)","wv.craigslist.org",,,,"West Virginia (Old) WV","West Virginia",,"(38.597626, -80.454903)"
"ATW",,,"US","wisconsin","appleton","appleton-oshkosh-FDL","appleton.craigslist.org",,,,"Appleton-Oshkosh-FDL WI","Wisconsin",,"(44.024706, -88.542614)"
"EAU",,,"US","wisconsin","eauclaire","eau claire","eauclaire.craigslist.org",,,,"Eau Claire WI","Wisconsin",,"(44.811349, -91.498494)"
"GRB",,,"US","wisconsin","greenbay","green bay","greenbay.craigslist.org",,,,"Green Bay WI","Wisconsin",,"(44.519159, -88.019826)"
"JVL",,,"US","wisconsin","janesville","janesville","janesville.craigslist.org",,,,"Janesville WI","Wisconsin",,"(42.682788, -89.018722)"
"LSE",,,"US","wisconsin","lacrosse","la crosse","lacrosse.craigslist.org",,,,"La Crosse WI","Wisconsin",,"(43.801356, -91.239581)"
"MSN",,,"US","wisconsin","madison","madison","madison.craigslist.org",,,,"Madison WI","Wisconsin",,"(43.073052, -89.40123)"
"MKE",,,"US","wisconsin","milwaukee","milwaukee","milwaukee.craigslist.org",,,,"Milwaukee WI","Wisconsin",,"(43.038902, -87.906474)"
"WIZ",,,"US","wisconsin","northernwi","northern WI","northernwi.craigslist.org",,,,"Northern WI","Wisconsin",,"(45.917176, -89.244299)"
"WIZ",,,"US","wisconsin","racine","kenosha-racine","racine.craigslist.org",,,,"Kenosha-Racine WI","Wisconsin",,"(42.584742, -87.821185)"
"SBM",,,"US","wisconsin","sheboygan","sheboygan","sheboygan.craigslist.org",,,,"Sheboygan WI","Wisconsin",,"(43.750828, -87.71453)"
"CWA",,,"US","wisconsin","wausau","wausau","wausau.craigslist.org",,,,"Wausau WI","Wisconsin",,"(44.959135, -89.630122)"
"CYS",,,"US","wyoming","wyoming","wyoming","wyoming.craigslist.org",,,,"Wyoming WY","Wyoming",,"(43.075968, -107.290284)"
